"","SPECIES","BETA0","BETA1"
"1","TANNER",-2.9438421287468,1.24975746254464
"2","SNOW",-2.36274785393101,1.17716598184758
